y_true,y_pred
0.651515,0.7386065
0.651515,0.7638229
0.651515,0.7223354
0.651515,0.76073754
0.565657,0.71574813
0.651515,0.7511527
0.651515,0.7185148
0.651515,0.72099316
0.651515,0.758165
0.651515,0.7796475
0.565657,0.7056155
0.651515,0.7237361
0.651515,0.7576316
0.651515,0.7249924
0.651515,0.76697314
0.565657,0.7008899
0.565657,0.7264388
0.565657,0.7116545
0.565657,0.6953966
0.651515,0.7594829
0.651515,0.7672278
0.565657,0.7317065
0.811111,0.72353
0.651515,0.7614401
0.651515,0.74420637
0.565657,0.7172659
0.651515,0.778365
0.811111,0.7055866
0.651515,0.7254048
0.565657,0.7019873
0.651515,0.732379
0.565657,0.71887976
0.651515,0.75164944
0.565657,0.72197694
0.565657,0.7302138
0.651515,0.7633149
0.651515,0.76908946
0.651515,0.7255954
0.565657,0.73351014
0.651515,0.73649853
0.565657,0.72430885
0.651515,0.76612
0.651515,0.7204228
0.651515,0.7790222
0.651515,0.73700905
0.651515,0.7551897
0.565657,0.69909436
0.651515,0.76185894
0.811111,0.6980583
0.565657,0.69951457
0.565657,0.727854
0.651515,0.77579856
0.565657,0.70601505
0.811111,0.70123714
0.565657,0.7156197
0.565657,0.70786315
0.565657,0.6926788
0.565657,0.70433116
0.651515,0.7183672
0.565657,0.70192754
0.565657,0.7257647
0.651515,0.7231613
0.651515,0.7171493
0.651515,0.7181848
0.565657,0.72193104
0.811111,0.7014772
0.651515,0.71762574
0.811111,0.69906014
0.565657,0.706375
0.651515,0.7294067
0.811111,0.71506816
0.565657,0.7237269
0.565657,0.71715516
0.651515,0.76519465
0.651515,0.74842054
0.565657,0.7058492
0.565657,0.71331525
0.651515,0.765681
0.651515,0.72822577
0.651515,0.73203987
0.651515,0.7278873
0.565657,0.6771125
0.565657,0.6917002
0.651515,0.76932025
0.651515,0.7484116
0.651515,0.772501
0.651515,0.76757365
0.565657,0.7003937
0.565657,0.73663116
0.651515,0.77123344
0.651515,0.7453097
0.565657,0.7190555
0.565657,0.7085338
0.651515,0.7289562
0.651515,0.7308642
0.651515,0.726373
0.651515,0.7751827
0.651515,0.7549162
0.651515,0.7736898
0.811111,0.7050886
0.565657,0.7288359
0.651515,0.7645711
0.565657,0.6994012
0.565657,0.7181644
0.651515,0.7209386
0.565657,0.7160808
0.651515,0.7366542
0.565657,0.72588456
0.651515,0.75737697
0.565657,0.72195685
0.565657,0.7172544
0.565657,0.71194154
0.565657,0.69584787
0.565657,0.7082957
0.565657,0.73118025
0.651515,0.7758237
0.651515,0.72894835
0.651515,0.7637685
0.565657,0.68794495
0.565657,0.697407
0.565657,0.7029962
0.651515,0.76357573
0.651515,0.7201698
0.811111,0.70556927
0.651515,0.77262205
0.651515,0.73048824
0.565657,0.7080332
0.565657,0.71004766
0.651515,0.7737295
0.651515,0.7665716
0.651515,0.70342267
0.565657,0.712434
0.651515,0.69600177
0.651515,0.7470349
0.651515,0.722306
0.565657,0.70042074
0.651515,0.7243951
0.651515,0.73011786
0.651515,0.72472066
0.651515,0.72900516
0.651515,0.7734264
0.651515,0.717184
0.651515,0.77268934
0.565657,0.69435424
0.565657,0.7145099
0.565657,0.72756565
0.651515,0.7345356
0.565657,0.72531694
0.651515,0.7682349
0.565657,0.67989063
0.565657,0.70363396
0.651515,0.7437618
0.811111,0.704169
0.651515,0.7551524
0.565657,0.71141154
0.651515,0.7202495
0.651515,0.735986
0.651515,0.77494127
0.651515,0.7565736
0.651515,0.73081285
0.651515,0.76323926
0.651515,0.75474125
0.651515,0.7218563
0.651515,0.72509074
0.565657,0.7019992
0.651515,0.7559817
0.651515,0.7404563
0.651515,0.7716591
0.565657,0.72363836
0.651515,0.7569851
0.651515,0.7684021
0.651515,0.7663249
0.651515,0.7258163
0.651515,0.76419914
0.565657,0.70758134
0.651515,0.7241063
0.651515,0.76567936
0.811111,0.7015956
0.565657,0.71150446
0.651515,0.7226897
0.651515,0.7555955
0.565657,0.71783876
0.651515,0.7114146
0.565657,0.71310467
0.565657,0.6985882
0.651515,0.71834123
0.565657,0.6965745
0.651515,0.7703193
0.565657,0.7215755
0.565657,0.7222106
0.565657,0.71548086
0.811111,0.7042298
0.651515,0.7726918
0.651515,0.7619144
0.651515,0.72642106
0.565657,0.69783795
0.651515,0.7356871
0.811111,0.7060603
0.565657,0.7273491
0.565657,0.721165
0.651515,0.7738236
0.651515,0.73369515
0.565657,0.70637316
0.651515,0.7531436
0.651515,0.7718316
0.565657,0.7065986
0.651515,0.7328179
0.565657,0.73552257
0.651515,0.7235772
0.565657,0.7053447
0.651515,0.7668698
0.651515,0.74422026
0.651515,0.7257301
0.651515,0.77984136
0.651515,0.74227
0.811111,0.7306432
0.651515,0.7562036
0.565657,0.71265787
0.651515,0.7628157
0.651515,0.7637441
0.651515,0.719824
0.565657,0.69525456
0.565657,0.7207417
0.651515,0.72325486
0.651515,0.7633039
0.811111,0.7072374
0.565657,0.7064366
0.565657,0.7138489
0.651515,0.7401481
0.651515,0.76414555
0.565657,0.7150056
0.651515,0.71859753
0.651515,0.7760965
0.565657,0.72050726
0.651515,0.7252969
0.651515,0.73295945
0.651515,0.72632927
0.651515,0.7147968
0.565657,0.72376686
0.565657,0.70149034
0.565657,0.7050247
0.651515,0.7491052
0.565657,0.6890088
0.651515,0.7222926
0.651515,0.7631775
0.565657,0.73264396
0.651515,0.7560955
0.651515,0.71363854
0.651515,0.723484
0.651515,0.7259731
0.651515,0.7699691
0.651515,0.75258297
0.565657,0.718127
0.565657,0.68994296
0.565657,0.70849943
0.651515,0.761063
0.651515,0.7503069
0.651515,0.7625655
0.565657,0.7079793
0.565657,0.707478
0.565657,0.7131449
0.651515,0.72979873
0.565657,0.7099443
0.651515,0.7622192
0.565657,0.7082723
0.651515,0.7271275
0.565657,0.7324492
0.651515,0.7553737
0.651515,0.7563327
0.651515,0.7722601
0.651515,0.7564391
0.651515,0.71487933
0.651515,0.73042035
0.651515,0.7388853
0.651515,0.72957325
0.565657,0.7184168
0.651515,0.7212204
0.565657,0.69423276
0.565657,0.709642
0.651515,0.7560417
0.565657,0.7168445
0.565657,0.70401883
0.565657,0.72579473
0.651515,0.772981
0.651515,0.71410656
0.565657,0.7068332
0.565657,0.69400376
0.565657,0.7138032
0.565657,0.6948344
0.565657,0.72149223
0.651515,0.7594626
0.565657,0.69864166
0.651515,0.754358
0.565657,0.6974246
0.651515,0.7569809
0.651515,0.75945044
0.651515,0.74570614
0.651515,0.7752544
0.565657,0.72471374
0.565657,0.6979195
0.651515,0.77326435
0.651515,0.72404313
0.565657,0.6830703
0.811111,0.70505315
0.651515,0.7327955
0.565657,0.7031071
0.565657,0.7058832
0.565657,0.71169156
0.651515,0.77082056
0.651515,0.74604756
0.651515,0.7236994
0.651515,0.77084184
0.651515,0.7158266
0.651515,0.70787275
0.651515,0.76521784
0.651515,0.7624363
0.651515,0.7567552
0.651515,0.7830209
0.651515,0.7634542
0.565657,0.68771136
0.651515,0.72903764
0.565657,0.7111895
0.651515,0.76449734
0.651515,0.7749892
0.651515,0.76238567
0.565657,0.71617967
0.651515,0.7780237
0.565657,0.7172822
0.651515,0.7719754
0.651515,0.7736959
0.565657,0.7061932
0.651515,0.74040973
0.565657,0.7009577
0.651515,0.7501211
0.651515,0.7625881
0.565657,0.6988735
0.565657,0.7156084
0.565657,0.70750654
0.565657,0.7026131
0.651515,0.76893574
0.651515,0.74796975
0.651515,0.73125434
0.651515,0.72414815
0.565657,0.71085805
0.651515,0.7644699
0.651515,0.7280752
0.651515,0.7738318
0.565657,0.716631
0.565657,0.7245613
0.651515,0.760032
0.651515,0.7388936
0.651515,0.73364407
0.565657,0.7079037
0.811111,0.7278493
0.565657,0.7035272
0.565657,0.7157681
0.651515,0.72485
0.651515,0.73087794
0.651515,0.7733257
0.651515,0.7609813
0.565657,0.7116991
0.651515,0.7686692
0.565657,0.7063148
0.565657,0.70399755
0.565657,0.7124012
0.651515,0.7267208
0.651515,0.7673928
0.651515,0.7793049
0.651515,0.72602063
0.565657,0.7204815
0.651515,0.74419534
0.651515,0.7687954
0.651515,0.7293833
0.651515,0.72855437
0.651515,0.76605356
0.651515,0.72045803
0.565657,0.7319128
0.651515,0.76853335
0.651515,0.72664243
0.565657,0.732801
0.651515,0.76619446
0.565657,0.70894384
0.565657,0.7105041
0.651515,0.7397266
0.651515,0.73268837
0.565657,0.7106633
0.565657,0.71671295
0.565657,0.70976967
0.651515,0.7167477
0.651515,0.74521524
0.651515,0.74275535
0.651515,0.75190955
0.565657,0.72024226
0.651515,0.74017984
0.651515,0.7609884
0.651515,0.7532433
0.565657,0.72736675
0.565657,0.72709453
0.565657,0.71063846
0.651515,0.7299496
0.651515,0.73299867
0.651515,0.7256789
0.651515,0.72515976
0.651515,0.78516257
0.651515,0.7344159
0.651515,0.7238993
0.651515,0.7478978
0.565657,0.728922
0.565657,0.70675933
0.651515,0.75100297
0.651515,0.7454677
0.651515,0.7254166
0.565657,0.7228715
0.651515,0.7704267
0.651515,0.75635904
0.565657,0.7106048
0.565657,0.71165705
0.565657,0.7088914
0.565657,0.71073097
0.651515,0.7582697
0.565657,0.71503294
0.651515,0.7260806
0.651515,0.72457594
0.565657,0.7133152
0.651515,0.76619804
0.565657,0.7220463
0.811111,0.6893135
0.565657,0.7011085
0.651515,0.7210229
0.651515,0.74215007
0.565657,0.71666443
0.565657,0.70558804
0.651515,0.73450357
0.565657,0.72231597
0.651515,0.71747655
0.565657,0.6971774
0.651515,0.7190229
0.565657,0.712394
0.651515,0.7165162
0.651515,0.77208775
0.651515,0.7670901
0.651515,0.7620228
0.651515,0.7396219
0.651515,0.7287404
0.651515,0.75098187
0.565657,0.71189135
0.565657,0.697398
0.651515,0.71712947
0.651515,0.7633403
0.651515,0.73446834
0.651515,0.7352671
0.651515,0.76791495
0.651515,0.7636114
0.651515,0.75949967
0.651515,0.7617927
0.651515,0.7673796
0.651515,0.75696784
0.565657,0.7019878
0.651515,0.77768105
0.651515,0.7352776
0.651515,0.77726316
0.651515,0.7641787
0.565657,0.70287704
0.565657,0.700007
0.651515,0.76937896
0.565657,0.69664335
0.651515,0.7602971
0.811111,0.71247125
0.651515,0.7627531
0.811111,0.7064879
0.565657,0.7161652
0.565657,0.7204005
0.565657,0.70918286
0.651515,0.7809247
0.565657,0.68376225
0.565657,0.7167822
0.651515,0.7554715
0.651515,0.7185555
0.651515,0.73939294
0.565657,0.69760466
0.565657,0.70955145
0.651515,0.74022603
0.651515,0.7179308
0.651515,0.75978106
0.565657,0.7208602
0.651515,0.7542837
0.565657,0.72176
0.651515,0.73104197
0.565657,0.71493936
0.651515,0.7604021
0.651515,0.7714378
0.651515,0.77285486
0.565657,0.7123091
0.565657,0.7156704
0.565657,0.7280374
0.651515,0.7795033
0.651515,0.7403068
0.651515,0.727803
0.565657,0.7262484
0.565657,0.71451527
0.565657,0.7234369
0.565657,0.71899617
0.565657,0.69320947
0.565657,0.71289945
0.651515,0.7736155
0.811111,0.7146984
0.651515,0.7505381
0.651515,0.75332934
0.811111,0.7194284
0.811111,0.71035266
0.565657,0.7270062
0.565657,0.70849
0.651515,0.75434476
0.651515,0.7591031
0.651515,0.76376903
0.651515,0.76994705
0.651515,0.74859613
0.565657,0.68455
0.565657,0.6965075
0.565657,0.7181609
0.565657,0.70322484
0.651515,0.7608392
0.565657,0.7378918
0.651515,0.7228242
0.651515,0.7673929
0.565657,0.70437765
0.565657,0.72059566
0.651515,0.7413538
0.651515,0.75310725
0.811111,0.7166996
0.651515,0.7522231
0.651515,0.7561209
0.651515,0.75624263
0.651515,0.77463144
0.565657,0.70703405
0.811111,0.7103674
0.565657,0.6993531
0.565657,0.70300084
0.565657,0.70364827
0.565657,0.70362246
0.651515,0.71643436
0.651515,0.7607439
0.651515,0.7228855
0.651515,0.76797295
0.651515,0.75555575
0.651515,0.71749264
0.565657,0.7224302
0.565657,0.711333
0.565657,0.69411063
0.565657,0.70223725
0.651515,0.7214486
0.811111,0.70292044
0.651515,0.7634762
0.651515,0.7665629
0.565657,0.69190043
0.651515,0.7623402
0.651515,0.7293976
0.565657,0.7203797
0.651515,0.7791576
0.651515,0.76683086
0.651515,0.72238886
0.565657,0.7325542
0.651515,0.73076123
0.651515,0.7519278
0.651515,0.7408208
0.565657,0.71817553
0.565657,0.72153527
0.565657,0.72767615
0.565657,0.7054611
0.565657,0.7172838
0.565657,0.7013265
0.565657,0.7111764
0.565657,0.7190055
0.651515,0.70750463
0.565657,0.7099438
0.811111,0.71867573
0.651515,0.7586564
0.565657,0.7128063
0.651515,0.7688008
0.651515,0.74255884
0.651515,0.73705345
0.651515,0.7557628
0.651515,0.7422847
0.651515,0.73856413
0.811111,0.70859456
0.651515,0.7592344
0.651515,0.7179535
0.651515,0.7238222
0.565657,0.7298859
0.651515,0.7266808
0.565657,0.7050404
0.565657,0.70533645
0.565657,0.7173349
0.651515,0.768556
0.651515,0.7570243
0.651515,0.7635863
0.651515,0.7580948
0.651515,0.7559695
0.651515,0.7332144
0.811111,0.7144561
0.811111,0.72379076
0.811111,0.704912
0.651515,0.72373426
0.565657,0.7226429
0.651515,0.72319883
0.565657,0.7139366
0.651515,0.7242479
0.651515,0.71664923
0.565657,0.71779484
0.651515,0.7668633
0.565657,0.7199009
0.651515,0.763794
0.651515,0.72939503
0.651515,0.7226248
0.651515,0.77435094
0.651515,0.7517762
0.565657,0.7156617
0.565657,0.6977183
0.811111,0.7006032
0.811111,0.7038367
0.651515,0.7214533
0.651515,0.7748132
0.651515,0.78724223
0.651515,0.7628452
0.565657,0.7035934
0.651515,0.7263285
0.565657,0.7025545
0.651515,0.77349097
0.811111,0.68582094
0.565657,0.71685064
0.811111,0.712986
0.565657,0.7110544
0.565657,0.7126822
0.565657,0.7210221
0.565657,0.7371789
0.565657,0.722587
0.651515,0.7427511
0.651515,0.7530027
0.811111,0.7120029
0.565657,0.69638395
0.565657,0.70514584
0.651515,0.7398933
0.651515,0.77527446
0.651515,0.73144865
0.565657,0.69920945
0.651515,0.72912335
0.565657,0.7031562
0.565657,0.7133006
0.565657,0.70846814
0.651515,0.73331106
0.565657,0.71905667
0.651515,0.73762363
0.565657,0.7234737
0.651515,0.7535468
0.651515,0.7622091
0.565657,0.7361762
0.651515,0.73193425
0.651515,0.7197252
0.811111,0.71582264
0.651515,0.76538223
0.651515,0.720364
0.651515,0.76512325
0.651515,0.7067922
0.651515,0.76124775
0.565657,0.7038948
0.651515,0.72240657
0.651515,0.71892947
0.651515,0.7675934
0.651515,0.76536155
0.651515,0.7698584
0.651515,0.7210215
0.651515,0.72221637
0.565657,0.7036513
0.651515,0.7185653
0.565657,0.70931005
0.651515,0.7339356
0.651515,0.755513
0.651515,0.76987886
0.811111,0.70320785
0.811111,0.71649766
0.651515,0.73686594
0.651515,0.7294213
0.651515,0.7642521
0.811111,0.7108086
0.651515,0.76666045
0.651515,0.7214303
0.565657,0.7060227
0.651515,0.7416078
0.651515,0.7390649
0.565657,0.7084412
0.651515,0.7630896
0.651515,0.75796974
0.651515,0.73526675
0.651515,0.7601689
0.651515,0.7664601
0.651515,0.7774807
0.651515,0.7782317
0.651515,0.757357
0.651515,0.7280887
0.565657,0.7238643
0.651515,0.72513175
0.565657,0.712873
0.565657,0.70418864
0.565657,0.7101631
0.651515,0.7351233
0.651515,0.7304926
0.565657,0.71563315
0.651515,0.7224924
0.651515,0.7611077
0.651515,0.7618217
0.651515,0.7326348
0.565657,0.698852
0.565657,0.72720855
0.651515,0.7230692
0.565657,0.70123327
0.651515,0.7683851
0.565657,0.7057584
0.651515,0.7234709
0.651515,0.7425811
0.811111,0.7194825
0.565657,0.72659916
0.651515,0.72671735
0.651515,0.7187216
0.651515,0.73258066
0.651515,0.77796423
0.565657,0.72833353
0.651515,0.74020636
0.651515,0.7261032
0.651515,0.7492674
0.651515,0.78736573
0.651515,0.7742206
0.811111,0.69807035
0.651515,0.7682178
0.651515,0.7599226
0.651515,0.72675467
0.811111,0.71058214
0.651515,0.7309764
0.651515,0.7275427
0.651515,0.7609444
0.651515,0.7432372
0.651515,0.7201139
0.565657,0.70514363
0.651515,0.7778471
0.651515,0.77188045
0.565657,0.69943297
0.811111,0.7278055
0.565657,0.6999909
0.651515,0.77144545
0.651515,0.72741324
0.651515,0.7588174
0.811111,0.6928817
0.651515,0.76234716
0.651515,0.70968366
0.651515,0.7335801
0.651515,0.7731166
0.651515,0.762434
0.565657,0.7229672
0.651515,0.7146024
0.651515,0.7368319
0.651515,0.73610616
0.651515,0.77683884
0.651515,0.7670293
0.565657,0.7140728
0.565657,0.72956556
0.651515,0.7264983
0.565657,0.7009305
0.651515,0.76418436
0.565657,0.69387645
0.565657,0.7179265
0.651515,0.7560214
0.565657,0.7091272
0.651515,0.7328486
0.565657,0.6971555
0.651515,0.71288204
0.565657,0.70840526
0.565657,0.72543013
0.651515,0.7465696
0.651515,0.7506015
0.651515,0.7095105
0.651515,0.7264055
0.651515,0.7473079
0.565657,0.70967263
0.651515,0.76437545
0.565657,0.71760845
0.565657,0.70759034
0.651515,0.7584105
0.651515,0.75453186
0.651515,0.7592225
0.565657,0.7279207
0.651515,0.75488776
0.565657,0.7342332
0.651515,0.7694259
0.651515,0.74082094
0.565657,0.7273152
0.565657,0.69060665
0.651515,0.75916636
0.651515,0.77727634
0.651515,0.7750296
0.651515,0.72963154
0.651515,0.7558281
0.565657,0.7323498
0.811111,0.7117632
0.565657,0.71371764
0.651515,0.72486025
0.565657,0.7139622
0.651515,0.72375554
0.651515,0.7903055
0.651515,0.7654217
0.565657,0.7227584
0.651515,0.74367535
0.565657,0.7188732
0.651515,0.76233673
0.565657,0.7009847
0.651515,0.71243906
0.651515,0.72468585
0.565657,0.73065996
0.565657,0.7140338
0.651515,0.7227718
0.651515,0.71569234
0.651515,0.736556
0.565657,0.72738785
0.651515,0.7519887
0.565657,0.7072009
0.811111,0.70873713
0.651515,0.71758586
0.565657,0.71264154
0.651515,0.7636848
0.651515,0.7391703
0.565657,0.70557094
0.651515,0.7188741
0.565657,0.7304113
0.651515,0.7492796
0.565657,0.70800734
0.651515,0.75228655
0.651515,0.76304877
0.651515,0.72268784
0.565657,0.7075756
0.565657,0.70900583
0.565657,0.71861553
0.651515,0.7676739
0.651515,0.7575186
0.565657,0.69326514
0.565657,0.7136421
0.651515,0.767487
0.651515,0.72309005
0.565657,0.7311336
0.651515,0.7536531
0.651515,0.75652415
0.651515,0.72321826
0.565657,0.6946753
0.811111,0.7076074
0.565657,0.7280503
0.565657,0.7085474
0.651515,0.72837615
0.565657,0.7142424
0.565657,0.7324697
0.565657,0.7146636
0.565657,0.7019725
0.565657,0.72266173
0.651515,0.76182675
0.565657,0.7101416
0.651515,0.77143455
0.651515,0.72333604
0.565657,0.7139118
0.565657,0.7061146
0.651515,0.7610659
0.565657,0.71126527
0.565657,0.7011483
0.565657,0.72445697
0.651515,0.74455434
0.565657,0.71297616
0.565657,0.6998844
0.651515,0.7711703
0.565657,0.68361884
0.565657,0.70800567
0.651515,0.725026
0.651515,0.7615611
0.651515,0.7472912
0.651515,0.7603562
0.565657,0.70481205
0.565657,0.7078383
0.651515,0.7172026
0.651515,0.76785034
0.565657,0.70480645
0.811111,0.7112219
0.651515,0.7544768
0.565657,0.71241677
0.565657,0.7286773
0.565657,0.7244811
0.651515,0.7842765
0.565657,0.7092393
0.651515,0.72402245
0.651515,0.76824427
0.651515,0.72297955
0.565657,0.70223945
0.651515,0.76332223
0.565657,0.7295518
0.651515,0.77194536
0.651515,0.7223939
0.565657,0.7101957
0.565657,0.69723666
0.651515,0.770559
0.651515,0.7253802
0.651515,0.7516693
0.565657,0.718479
0.565657,0.70836127
0.565657,0.7222774
0.565657,0.7243572
0.565657,0.70852005
0.651515,0.75543314
0.565657,0.71983194
0.565657,0.7236976
0.651515,0.72850204
0.651515,0.76339453
0.651515,0.7546427
0.811111,0.711696
0.565657,0.6978325
0.651515,0.736991
0.565657,0.72366697
0.651515,0.7628131
0.651515,0.721603
0.651515,0.735003
0.651515,0.735756
0.651515,0.7662844
0.651515,0.71719444
0.651515,0.72193915
0.565657,0.7180246
0.651515,0.7763274
0.565657,0.7292113
0.651515,0.7169985
0.565657,0.70263195
0.651515,0.7442257
0.565657,0.71252483
0.651515,0.7742899
0.565657,0.7215876
0.651515,0.7637189
0.651515,0.7199453
0.651515,0.7737441
0.565657,0.72991127
0.651515,0.7677014
0.565657,0.6966837
0.651515,0.7543039
0.651515,0.7459673
0.565657,0.7144559
0.565657,0.70026004
0.565657,0.69922817
0.565657,0.72579294
0.651515,0.76271296
0.651515,0.75803614
0.565657,0.7184729
0.651515,0.7755207
0.565657,0.7254112
0.651515,0.71832967
0.565657,0.71426797
0.651515,0.77591395
0.651515,0.7241055
0.651515,0.75561213
0.565657,0.71168035
0.651515,0.76268595
0.651515,0.7208874
0.565657,0.7371056
0.565657,0.71939754
0.565657,0.7199041
0.651515,0.773388
0.651515,0.7582263
0.651515,0.7678268
0.651515,0.71073246
0.565657,0.7272693
0.651515,0.7594138
0.565657,0.70215374
0.651515,0.71963257
0.651515,0.7599024
0.651515,0.76382965
0.651515,0.7679259
0.651515,0.71902716
0.651515,0.7430183
0.651515,0.75863886
0.811111,0.71767646
0.651515,0.7748495
0.651515,0.77369887
0.651515,0.7634319
0.565657,0.7151035
0.565657,0.70716786
0.651515,0.75951004
0.565657,0.7200093
0.565657,0.72102576
0.565657,0.7009458
0.811111,0.6948572
0.811111,0.720661
0.565657,0.6941047
0.565657,0.7036933
0.651515,0.73268497
0.565657,0.6940086
0.651515,0.73174685
0.565657,0.7154934
0.651515,0.7674312
0.565657,0.7162773
0.651515,0.74005646
0.651515,0.7260819
0.651515,0.75549674
0.651515,0.7338173
0.651515,0.7616504
0.565657,0.7134191
0.651515,0.7387041
0.565657,0.712131
0.651515,0.77511424
0.651515,0.7306742
0.565657,0.7107138
0.651515,0.7378258
0.651515,0.7543895
0.565657,0.71855825
0.651515,0.71912324
0.651515,0.7509926
0.651515,0.7267467
0.651515,0.7204703
0.565657,0.71373343
0.565657,0.7325818
0.651515,0.7054047
0.651515,0.7769343
0.565657,0.6936838
0.651515,0.7702818
0.565657,0.7093291
0.651515,0.7678465
0.651515,0.77348465
0.651515,0.72783405
0.651515,0.7175602
0.565657,0.7221213
0.651515,0.7212935
0.565657,0.6998981
0.651515,0.77038425
0.651515,0.7238187
0.565657,0.6893141
0.651515,0.7454988
0.651515,0.7290997
0.651515,0.76576847
0.651515,0.76306736
0.565657,0.7107521
0.565657,0.7093393
0.565657,0.72737217
0.651515,0.7726391
0.651515,0.7234715
0.565657,0.6940394
0.651515,0.74628586
0.651515,0.7751147
0.565657,0.7228649
0.565657,0.70250463
0.651515,0.7247533
0.651515,0.7374884
0.651515,0.72600883
0.651515,0.7291908
0.565657,0.69549835
0.565657,0.7093856
0.565657,0.7361858
0.651515,0.72349375
0.565657,0.7196589
0.565657,0.715506
0.651515,0.7751922
0.565657,0.71864855
0.651515,0.7604959
0.651515,0.738951
0.651515,0.73494494
0.651515,0.7243051
0.565657,0.7159375
0.651515,0.7310058
0.651515,0.7224108
0.811111,0.7018551
0.651515,0.74971116
0.565657,0.7162112
0.565657,0.7027973
0.565657,0.7025534
0.565657,0.7124528
0.651515,0.761892
0.811111,0.69295335
0.651515,0.72886443
0.565657,0.67957366
0.651515,0.72866166
0.811111,0.70628124
0.565657,0.7188025
0.651515,0.76910114
0.811111,0.7164074
0.651515,0.77509576
0.565657,0.7056518
0.651515,0.7720317
0.565657,0.7420047
0.651515,0.76940256
0.565657,0.7084529
0.651515,0.763233
0.651515,0.7813996
0.651515,0.72825736
0.651515,0.7542252
0.565657,0.7050517
0.565657,0.7043324
0.651515,0.7323252
0.565657,0.6922341
0.651515,0.72663635
0.651515,0.72075504
0.651515,0.76426494
0.651515,0.75951654
0.651515,0.72287923
0.565657,0.7111687
0.651515,0.7292451
0.651515,0.76909626
0.565657,0.69996893
0.565657,0.7158316
0.565657,0.7198461
0.651515,0.7444306
0.565657,0.69750434
0.565657,0.717986
0.565657,0.7244844
0.651515,0.7419944
0.565657,0.70953286
0.565657,0.7082219
0.651515,0.724742
0.565657,0.71280164
0.565657,0.71836203
0.565657,0.7126154
0.565657,0.71335834
0.651515,0.7172517
0.565657,0.7299902
0.651515,0.7702475
0.651515,0.7268721
0.565657,0.7322256
0.651515,0.72574407
0.651515,0.73300064
0.651515,0.75800776
0.565657,0.7112322
0.651515,0.7289801
0.565657,0.72071147
0.651515,0.766354
0.651515,0.71734256
0.651515,0.7290804
0.565657,0.71622956
0.651515,0.73755854
0.651515,0.7227172
0.651515,0.7619811
0.565657,0.732087
0.811111,0.70996124
0.565657,0.71089363
0.651515,0.7383957
0.651515,0.7222599
0.651515,0.76432365
0.565657,0.7277575
0.651515,0.7585531
0.651515,0.71908706
0.565657,0.7163717
0.565657,0.7196227
0.651515,0.7245304
0.565657,0.71445996
0.565657,0.7111132
0.651515,0.7453185
0.651515,0.7400355
0.565657,0.7017741
0.651515,0.76790094
0.651515,0.76466495
0.565657,0.7082092
0.651515,0.72637796
0.651515,0.7635312
0.651515,0.7134366
0.565657,0.6891422
0.565657,0.706742
0.565657,0.70361805
0.651515,0.7412958
0.565657,0.7222037
0.651515,0.7318166
0.565657,0.7096718
0.651515,0.7087024
0.811111,0.7158753
0.651515,0.77174056
0.651515,0.7493345
0.651515,0.7399977
0.651515,0.76091707
0.651515,0.7169409
0.565657,0.72117496
0.565657,0.71070033
0.651515,0.7664159
0.651515,0.7645297
0.651515,0.76056933
0.811111,0.71254665
0.565657,0.7120042
0.565657,0.7011772
0.651515,0.72394514
0.565657,0.7088448
0.565657,0.7092003
0.651515,0.71172434
0.565657,0.72605866
0.565657,0.72277844
0.565657,0.71407294
0.651515,0.72645545
0.651515,0.76467925
0.565657,0.71385497
0.651515,0.76916975
0.651515,0.7692808
0.651515,0.7857453
0.651515,0.7623339
0.565657,0.70560235
0.651515,0.72131974
0.651515,0.7526046
0.565657,0.71076477
0.651515,0.7513907
0.565657,0.7253275
0.651515,0.73830855
0.565657,0.72052026
0.565657,0.72786593
0.565657,0.6991354
0.651515,0.7591382
0.565657,0.71416163
0.565657,0.7172896
0.651515,0.77112794
0.565657,0.7106333
0.565657,0.72930145
0.651515,0.7671456
0.651515,0.72659284
0.651515,0.77062863
0.651515,0.7323774
0.651515,0.78519815
0.565657,0.7177464
0.651515,0.7164842
0.651515,0.77684265
0.565657,0.7140124
0.651515,0.7548144
0.565657,0.72556543
0.651515,0.73259467
0.651515,0.76537246
0.651515,0.72691745
0.651515,0.75881696
0.651515,0.7644725
0.651515,0.7129176
0.565657,0.72274387
0.651515,0.7738132
0.651515,0.7295055
0.651515,0.7699479
0.565657,0.73500186
0.651515,0.7629193
0.651515,0.7738372
0.651515,0.75140864
0.565657,0.6985606
0.651515,0.73436975
0.651515,0.78430045
0.651515,0.7572972
0.651515,0.7695536
0.565657,0.7099276
0.651515,0.72667825
0.651515,0.76629394
0.651515,0.7517889
0.565657,0.70002466
0.565657,0.7141942
0.565657,0.71751755
0.651515,0.72593564
0.651515,0.7550823
0.565657,0.7129033
0.651515,0.7591625
0.651515,0.7603987
0.651515,0.7674223
0.565657,0.7218354
0.651515,0.7728196
0.565657,0.71435696
0.565657,0.722687
0.651515,0.74176264
0.651515,0.77156246
0.651515,0.72273445
0.651515,0.765536
0.565657,0.720599
0.651515,0.7757949
0.651515,0.7794989
0.565657,0.7116392
0.811111,0.7301718
0.565657,0.7029046
0.565657,0.71430326
0.565657,0.7159334
0.565657,0.7260311
0.651515,0.725426
0.565657,0.7100672
0.651515,0.74068546
0.565657,0.72026306
0.811111,0.7174517
0.565657,0.70330137
0.565657,0.7136019
0.651515,0.7290145
0.651515,0.7230136
0.651515,0.69927335
0.651515,0.72530335
0.565657,0.7076822
0.651515,0.7571311
0.651515,0.7616
0.651515,0.7273715
0.565657,0.7144621
0.565657,0.7156794
0.565657,0.7393165
0.811111,0.70993435
0.651515,0.7692505
0.811111,0.71795356
0.565657,0.71169895
0.651515,0.731422
0.651515,0.759621
0.565657,0.70945424
0.811111,0.70866907
0.651515,0.74319446
0.565657,0.71187824
0.811111,0.71485436
0.651515,0.72434694
0.651515,0.72857225
0.651515,0.76372194
0.651515,0.73758405
0.651515,0.7215843
0.651515,0.72520995
0.651515,0.7276362
0.565657,0.7090763
0.651515,0.72281075
0.565657,0.7167704
0.565657,0.702877
0.565657,0.7160189
0.651515,0.777422
0.651515,0.77113837
0.565657,0.7121449
0.651515,0.7283971
0.651515,0.7794738
0.565657,0.7000186
0.651515,0.7411351
0.651515,0.74772954
0.565657,0.71363086
0.565657,0.72352266
0.651515,0.7662823
0.565657,0.70936674
0.565657,0.7285349
0.651515,0.7272926
0.651515,0.7652165
0.651515,0.7645461
0.651515,0.7754984
0.565657,0.70992196
0.651515,0.72707933
0.651515,0.75290936
0.651515,0.7406982
0.651515,0.7423887
0.565657,0.7201511
0.565657,0.7109838
0.651515,0.7223192
0.651515,0.7220224
0.565657,0.72842747
0.565657,0.7105341
0.651515,0.759337
0.651515,0.7578068
0.811111,0.69066966
0.565657,0.7081012
0.565657,0.69881344
0.651515,0.7530958
0.565657,0.7007419
0.565657,0.7315595
0.565657,0.6974471
0.651515,0.73367715
0.565657,0.7282637
0.651515,0.7784143
0.651515,0.7759188
0.651515,0.7305429
0.811111,0.7225962
0.565657,0.71726686
0.651515,0.7406385
0.565657,0.70594305
0.811111,0.6994142
0.651515,0.72270757
0.651515,0.73269516
0.651515,0.7712266
0.811111,0.70759785
0.565657,0.709898
0.651515,0.7274693
0.565657,0.7057672
0.651515,0.75992864
0.565657,0.6955732
0.651515,0.77060366
0.651515,0.72133833
0.651515,0.7765371
0.565657,0.7186349
0.651515,0.7592868
0.651515,0.7408926
0.565657,0.72297543
0.651515,0.76722246
0.565657,0.70613307
0.651515,0.72581565
0.651515,0.7590569
0.651515,0.73024493
0.565657,0.7066918
0.651515,0.7146118
0.651515,0.7493211
0.565657,0.7379031
0.651515,0.7839126
0.651515,0.75858635
0.565657,0.6974606
0.651515,0.73487335
0.651515,0.7628234
0.565657,0.7382506
0.651515,0.76654536
0.651515,0.73423153
0.565657,0.70772105
0.811111,0.70561874
0.565657,0.69876164
0.565657,0.73092514
0.651515,0.7380518
0.651515,0.7272939
0.565657,0.7114753
0.651515,0.72013366
0.651515,0.7627256
0.565657,0.7301939
0.811111,0.7072403
0.651515,0.75736344
0.651515,0.7386212
0.565657,0.71998096
0.651515,0.7112964
0.651515,0.7600703
0.651515,0.7258562
0.565657,0.6981333
0.565657,0.7453038
0.651515,0.7293493
0.651515,0.76859105
0.651515,0.76065004
0.565657,0.72716755
0.651515,0.77505445
0.651515,0.722822
0.651515,0.7634676
0.565657,0.71320784
0.651515,0.756319
0.811111,0.7197054
0.565657,0.7251726
0.565657,0.70683014
0.565657,0.7076545
0.565657,0.7078133
0.811111,0.69794416
0.651515,0.7520239
0.811111,0.70267636
0.565657,0.70117867
0.565657,0.6904836
0.565657,0.70902145
0.651515,0.7487528
0.651515,0.7665495
0.651515,0.72259283
0.651515,0.76755655
0.565657,0.70668644
0.565657,0.71781904
0.651515,0.7316069
0.565657,0.6903904
0.565657,0.70466065
0.565657,0.6973846
0.565657,0.7171449
0.651515,0.74043524
0.651515,0.7591301
0.651515,0.72013676
0.565657,0.71658885
0.651515,0.73805887
0.811111,0.69169176
0.651515,0.7564953
0.565657,0.7371807
0.565657,0.70693654
0.565657,0.6884735
0.565657,0.7148325
0.651515,0.72980493
0.565657,0.69680697
0.651515,0.7974198
0.565657,0.7058847
0.565657,0.7148681
0.651515,0.74104965
0.651515,0.7596187
0.565657,0.7264022
0.651515,0.7648121
0.651515,0.76863414
0.565657,0.7224135
0.565657,0.7118141
0.565657,0.7156107
0.651515,0.74107736
0.565657,0.70149684
0.651515,0.7644302
0.651515,0.7693527
0.651515,0.72348094
0.811111,0.7045705
0.651515,0.74421734
0.565657,0.71066177
0.565657,0.71371686
0.565657,0.6872371
0.651515,0.7658826
0.565657,0.7220211
0.651515,0.72725654
0.651515,0.7635041
0.651515,0.7506391
0.811111,0.7008351
0.565657,0.71796143
0.565657,0.71641177
0.651515,0.7552457
0.565657,0.72892934
0.651515,0.73952925
0.651515,0.7167869
0.565657,0.69906205
0.565657,0.7189217
0.651515,0.7727111
0.565657,0.73233736
0.651515,0.7457355
0.651515,0.75363916
0.651515,0.73211884
0.651515,0.72423905
0.651515,0.73617625
0.651515,0.72957486
0.651515,0.7236318
0.651515,0.7252549
0.651515,0.7357497
0.565657,0.715803
0.565657,0.73149914
0.651515,0.7825921
0.651515,0.72926724
0.651515,0.7261494
0.651515,0.7587289
0.651515,0.7415327
0.565657,0.7092173
0.651515,0.7440984
0.651515,0.76820403
0.651515,0.7657114
0.651515,0.76157176
0.565657,0.7177448
0.651515,0.76041186
0.651515,0.7190489
0.565657,0.69774455
0.651515,0.7742765
0.565657,0.72570986
0.565657,0.7181814
0.651515,0.7156415
0.651515,0.73374635
0.651515,0.7410762
0.651515,0.77099806
0.565657,0.72216487
0.565657,0.7191908
0.565657,0.6800075
0.651515,0.7219176
0.565657,0.7233861
0.651515,0.7687539
0.651515,0.7436637
0.565657,0.72669554
0.651515,0.7616287
0.565657,0.7005937
0.651515,0.7650888
0.651515,0.7583162
0.651515,0.7225451
0.811111,0.6982463
0.651515,0.7536548
0.651515,0.7583703
0.651515,0.7266877
0.651515,0.727903
0.565657,0.7223815
0.565657,0.72440225
0.651515,0.7498076
0.565657,0.7189358
0.651515,0.7744972
0.565657,0.6970654
0.651515,0.7184913
0.651515,0.76630515
0.651515,0.7631151
0.651515,0.7652799
0.565657,0.7173023
0.651515,0.75673336
0.565657,0.70504075
0.651515,0.7268804
0.565657,0.70219404
0.565657,0.7110678
0.565657,0.71184176
0.565657,0.7261509
0.565657,0.72094005
0.651515,0.7721536
0.651515,0.74162096
0.565657,0.7331316
0.565657,0.72068024
0.565657,0.71783566
0.651515,0.762845
0.651515,0.71165603
0.651515,0.72750354
0.651515,0.777422
0.651515,0.7442308
0.651515,0.7533363
0.651515,0.71672285
0.651515,0.7329579
0.651515,0.75340605
0.811111,0.7041501
0.565657,0.7076761
0.651515,0.75947267
0.651515,0.7272632
0.651515,0.75852174
0.651515,0.7354246
0.565657,0.7227979
0.565657,0.71845895
0.651515,0.75716627
0.651515,0.76579267
0.651515,0.7681039
0.565657,0.69152737
0.651515,0.71841145
0.651515,0.73374337
0.651515,0.7516536
0.651515,0.7309422
0.651515,0.76859045
0.651515,0.7044599
0.565657,0.7221638
0.811111,0.6987455
0.651515,0.72881275
0.565657,0.71685934
0.565657,0.71796465
0.565657,0.71268207
0.565657,0.69562143
0.651515,0.77029055
0.565657,0.71644086
0.651515,0.71928996
0.565657,0.7204467
0.651515,0.73948467
0.565657,0.6987728
0.565657,0.74113923
0.565657,0.71645224
0.565657,0.72501254
0.651515,0.78801876
0.651515,0.7559936
0.651515,0.75532013
0.565657,0.71557987
0.565657,0.7131966
0.651515,0.77325153
0.651515,0.72719055
0.651515,0.7245417
0.565657,0.706908
0.651515,0.7854634
0.651515,0.74548423
0.565657,0.71613514
0.651515,0.7575509
0.651515,0.7666292
0.565657,0.7045663
0.651515,0.7298487
0.651515,0.7378035
0.651515,0.74885917
0.651515,0.74362123
0.651515,0.76777965
0.811111,0.7034628
0.565657,0.70997214
0.565657,0.7149747
0.651515,0.76305574
0.651515,0.7629015
0.651515,0.7350659
0.651515,0.72585106
0.651515,0.7307787
0.651515,0.7636786
0.651515,0.7158064
0.565657,0.7196601
0.651515,0.7579097
0.565657,0.7128188
0.565657,0.70149434
0.651515,0.7368702
0.651515,0.7647989
0.651515,0.7662348
0.651515,0.7282445
0.651515,0.72533524
0.565657,0.7058001
0.565657,0.7242106
0.651515,0.73176736
0.565657,0.69672674
0.651515,0.7717636
0.651515,0.7336459
0.565657,0.713584
0.651515,0.7623756
0.565657,0.7255542
0.565657,0.69416463
0.651515,0.7201258
0.565657,0.72444594
0.651515,0.7288468
0.651515,0.7256164
0.651515,0.7382149
0.565657,0.7232855
0.651515,0.7751202
0.651515,0.7706367
0.565657,0.714301
0.651515,0.7276088
0.651515,0.7322087
0.565657,0.7209436
0.565657,0.7205012
0.651515,0.7318661
0.651515,0.76104254
0.651515,0.7343523
0.651515,0.72840124
0.651515,0.77086806
0.651515,0.72773993
0.651515,0.76573855
0.651515,0.770548
0.651515,0.7275441
0.651515,0.77152354
0.651515,0.74069774
0.565657,0.7249989
0.651515,0.7691906
0.651515,0.741567
0.651515,0.7562766
0.565657,0.69652754
0.565657,0.71104336
0.651515,0.7783854
0.651515,0.74605685
0.565657,0.7116702
0.651515,0.72746795
0.651515,0.7308916
0.651515,0.7219377
0.565657,0.73720247
0.565657,0.72590154
0.651515,0.7435323
0.651515,0.76566017
0.651515,0.7535252
0.651515,0.7635305
0.651515,0.7126586
0.651515,0.7338989
0.565657,0.7113804
0.565657,0.68302876
0.651515,0.76447767
0.651515,0.76048744
0.811111,0.7137058
0.565657,0.7251753
0.651515,0.7472492
0.565657,0.69466263
0.651515,0.7654232
0.565657,0.7087615
0.565657,0.706872
0.565657,0.71897346
0.565657,0.74497885
0.565657,0.7085382
0.565657,0.7260315
0.651515,0.7059184
0.651515,0.7573992
0.565657,0.7123344
0.651515,0.7287999
0.565657,0.7066857
0.565657,0.7271858
0.651515,0.7270231
0.651515,0.7245589
0.651515,0.7592962
0.651515,0.77442884
0.565657,0.7043244
0.651515,0.7296287
0.811111,0.71453583
0.651515,0.7595714
0.565657,0.7143925
0.651515,0.73033655
0.651515,0.75637484
0.651515,0.7182021
0.651515,0.75659317
0.651515,0.7687833
0.651515,0.72720104
0.811111,0.70629305
0.651515,0.73642665
0.651515,0.7216336
0.651515,0.7716051
0.651515,0.7428394
0.651515,0.72966903
0.565657,0.7016209
0.565657,0.7090261
0.651515,0.72503746
0.651515,0.7188968
0.811111,0.71079415
0.651515,0.75603133
0.651515,0.7453551
0.651515,0.7190457
0.565657,0.70354897
0.565657,0.73781615
0.651515,0.7318098
0.651515,0.7703117
0.651515,0.72060865
0.651515,0.7221436
0.565657,0.7198686
0.565657,0.72513956
0.651515,0.756504
0.651515,0.7216848
0.651515,0.7313388
0.651515,0.78188264
0.651515,0.7420231
0.651515,0.72664964
0.565657,0.7047222
0.651515,0.78052634
0.651515,0.7375345
0.651515,0.7220845
0.651515,0.76133746
0.565657,0.7137036
0.565657,0.72340715
0.565657,0.6987498
0.651515,0.71736693
0.811111,0.69350123
0.565657,0.70082027
0.651515,0.7418615
0.651515,0.7637645
0.651515,0.7237583
0.565657,0.71302384
0.565657,0.69977033
0.651515,0.7639008
0.651515,0.73718476
0.565657,0.7244304
0.565657,0.7154615
0.651515,0.71827835
0.651515,0.76320237
0.651515,0.7228451
0.651515,0.75551987
0.565657,0.70343226
0.651515,0.73522955
0.651515,0.7796628
0.565657,0.7084619
0.651515,0.78310674
0.651515,0.75374216
0.651515,0.74622875
0.651515,0.7286373
0.565657,0.71240246
0.651515,0.7158499
0.651515,0.71853507
0.651515,0.7636138
0.565657,0.7205506
0.651515,0.769782
0.565657,0.7085113
0.565657,0.7181192
0.651515,0.7430143
0.565657,0.7106769
0.651515,0.7671544
0.651515,0.72823316
0.811111,0.72211176
0.651515,0.766868
0.651515,0.72345954
0.565657,0.70843834
0.565657,0.70226985
0.565657,0.6993459
0.651515,0.7507811
0.651515,0.7621006
0.565657,0.7137006
0.651515,0.7660124
0.565657,0.7031429
0.565657,0.71987706
0.565657,0.7297641
0.565657,0.72802395
0.565657,0.7132808
0.565657,0.7339422
0.651515,0.75417346
0.651515,0.7639056
0.565657,0.70989156
0.651515,0.72347504
0.651515,0.7249913
0.651515,0.75440705
0.565657,0.711909
0.651515,0.75667673
0.651515,0.72584224
0.651515,0.7527805
0.651515,0.72141
0.565657,0.71289295
0.565657,0.701023
0.651515,0.73948914
0.565657,0.70940524
0.811111,0.720261
0.651515,0.76034814
0.651515,0.76497865
0.651515,0.7381453
0.565657,0.7127591
0.651515,0.71584076
0.565657,0.7195642
0.651515,0.7582111
0.651515,0.7539368
0.565657,0.7203309
0.651515,0.76806194
0.651515,0.7239317
0.565657,0.7115645
0.651515,0.7230232
0.651515,0.72070616
0.651515,0.72918284
0.651515,0.76515543
0.565657,0.7140669
0.565657,0.7169264
0.651515,0.73612267
0.565657,0.7009904
0.651515,0.75552887
0.651515,0.7572117
0.651515,0.72492725
0.565657,0.7093367
0.651515,0.77954954
0.565657,0.704513
0.651515,0.76673603
0.651515,0.7282911
0.651515,0.7544764
0.565657,0.73552
0.651515,0.7656683
0.565657,0.7137369
0.651515,0.7279859
0.651515,0.76580924
0.651515,0.75930166
0.651515,0.7235659
0.651515,0.7153232
0.651515,0.75776494
0.651515,0.7250734
0.651515,0.72061336
0.565657,0.7127039
0.565657,0.7244343
0.565657,0.71936303
0.651515,0.7591656
0.565657,0.7282336
0.651515,0.7289907
0.565657,0.7273706
0.651515,0.74103457
0.651515,0.7396781
0.565657,0.7048209
0.651515,0.76184297
0.565657,0.72907066
0.565657,0.70990807
0.565657,0.70075166
0.651515,0.7676913
0.565657,0.7270599
0.811111,0.7139803
0.651515,0.7658284
0.565657,0.70695686
0.651515,0.74877286
0.565657,0.73444027
0.651515,0.722658
0.651515,0.76703393
0.565657,0.7278273
0.651515,0.7811375
0.651515,0.76052094
0.565657,0.7124198
0.565657,0.72167826
0.811111,0.7135368
0.811111,0.6981877
0.651515,0.75881046
0.565657,0.718859
0.651515,0.7394051
0.565657,0.7343218
0.811111,0.7013378
0.565657,0.71018475
0.651515,0.73836493
0.651515,0.7729328
0.651515,0.75667757
0.651515,0.7249903
0.651515,0.7209221
0.565657,0.70835733
0.651515,0.7375529
0.651515,0.7697076
0.651515,0.76190215
0.565657,0.7221218
0.565657,0.7231861
0.651515,0.74085975
0.651515,0.7286629
0.811111,0.7139992
0.565657,0.72815436
0.651515,0.7411429
0.651515,0.72403586
0.565657,0.70490944
0.651515,0.74903804
0.651515,0.75446707
0.651515,0.76262873
0.565657,0.74258476
0.565657,0.7252907
0.565657,0.7102558
0.651515,0.73085654
0.651515,0.76420105
0.565657,0.72196674
0.651515,0.7599726
0.651515,0.77434766
0.565657,0.7138471
0.651515,0.71334463
0.651515,0.7492552
0.651515,0.76814276
0.651515,0.7509298
0.651515,0.7590302
0.651515,0.7554464
0.651515,0.76065326
0.565657,0.7230089
0.651515,0.73999226
0.651515,0.71676314
0.565657,0.6999066
0.651515,0.7347478
0.565657,0.72966224
0.565657,0.70766157
0.565657,0.692017
0.651515,0.72367483
0.565657,0.73106945
0.565657,0.69857234
0.651515,0.72704005
0.651515,0.7491215
0.811111,0.7158375
0.651515,0.7724843
0.565657,0.7159928
0.651515,0.7621164
0.565657,0.71799046
0.565657,0.7104604
0.651515,0.7268351
0.565657,0.7095744
0.651515,0.76961803
0.651515,0.74089116
0.565657,0.70945424
0.651515,0.7732182
0.651515,0.73329616
0.565657,0.70195097
0.651515,0.7656962
0.651515,0.76455915
0.651515,0.7830791
0.565657,0.7154772
0.565657,0.69936097
0.565657,0.7106437
0.565657,0.6999286
0.651515,0.7194939
0.565657,0.7230744
0.651515,0.72325623
0.651515,0.7605616
0.565657,0.7075745
0.565657,0.6964598
0.651515,0.7786606
0.651515,0.7384813
0.651515,0.76960695
0.565657,0.7252718
0.651515,0.7171691
0.565657,0.6994622
0.651515,0.72076946
0.565657,0.7036538
0.651515,0.73667043
0.565657,0.6921539
0.565657,0.7105901
0.651515,0.75801873
0.651515,0.72939986
0.651515,0.73132247
0.651515,0.769437
0.651515,0.76950467
0.565657,0.70974064
0.651515,0.7708178
0.565657,0.7177153
0.651515,0.73405033
0.811111,0.7036184
0.565657,0.7213066
0.651515,0.72588193
0.651515,0.7599469
0.651515,0.728072
0.651515,0.74771345
0.651515,0.7394321
0.651515,0.7658168
0.565657,0.7172937
0.651515,0.7634121
0.651515,0.7251227
0.565657,0.7041135
0.651515,0.7504606
0.651515,0.73175883
0.565657,0.7094807
0.651515,0.75330085
0.565657,0.7076046
0.651515,0.7695477
0.565657,0.69112545
0.651515,0.72283876
0.651515,0.7482778
0.565657,0.72593397
0.651515,0.75019413
0.651515,0.72076297
0.565657,0.7182393
0.811111,0.67971957
0.651515,0.74945605
0.565657,0.70894307
0.651515,0.74423367
0.651515,0.7329885
0.651515,0.7595903
0.651515,0.7258553
0.651515,0.76799715
0.651515,0.7142771
0.565657,0.7076226
0.565657,0.70712924
0.811111,0.7060107
0.651515,0.7202231
0.565657,0.72379416
0.651515,0.7459641
0.565657,0.71458423
0.565657,0.7085623
0.651515,0.7659257
0.565657,0.7250738
0.651515,0.7272362
0.811111,0.69795614
0.651515,0.78394085
0.651515,0.7684565
0.651515,0.7815119
0.651515,0.73052347
0.651515,0.7626557
0.651515,0.723296
0.651515,0.76162
0.651515,0.7670109
0.651515,0.77745134
0.565657,0.7217203
0.565657,0.7209921
0.565657,0.71715075
0.651515,0.7613595
0.565657,0.71030396
0.651515,0.767119
0.651515,0.7231326
0.651515,0.7496991
0.651515,0.7241765
0.651515,0.72391653
0.651515,0.7193556
0.651515,0.7230588
0.651515,0.7595246
0.565657,0.71246177
0.565657,0.72219443
0.651515,0.7639815
0.651515,0.7617703
0.651515,0.74253
0.651515,0.7835962
0.651515,0.75189877
0.651515,0.76283187
0.565657,0.6979639
0.565657,0.71880764
0.651515,0.7652928
0.651515,0.75997484
